jobtitle,category,experience_level,job_type,salary_range,mobility,vision,hearing,cognitive,skills,tools,summary,details,growth_potential,why_accessible,location,learning_resource,roadmap,videos,sources
Remote Software Developer,Technology,Entry,Full-time Remote,"$40,000–$70,000",No issues / N/A,No issues / N/A,No issues / N/A,Moderate,JavaScript;Python;Problem Solving;REST APIs;Git,VS Code;GitHub;Postman;Slack,Build and maintain web applications with flexible remote-friendly workflows.,"Develop front-end features, integrate third-party APIs, write unit tests, and collaborate in agile sprints using async tools. Fully remote setup with no physical presence required.",Senior Developer → Tech Lead → Engineering Manager,Fully remote. Screen-reader-compatible IDEs. No mobility or hearing requirements. Flexible async collaboration.,Remote,FreeCodeCamp (Web Development),HTML & CSS fundamentals;JavaScript core concepts;Git & GitHub version control;REST APIs & fetch;React basics;Build and deploy a portfolio project,,
Accessibility Consultant,Design,Mid,Full-time Remote,"$45,000–$80,000",Mild,Moderate,No issues / N/A,Moderate,WCAG;Assistive Technology;UX Audits;User Advocacy;ARIA,Axe DevTools;JAWS;NVDA;Screen readers;Deque's axe,Advise organisations on inclusive design and digital accessibility compliance.,"Audit digital products against WCAG 2.1 AA, produce detailed remediation reports, train engineering teams on accessibility patterns, and champion inclusive design from the start of projects.",Accessibility Lead → Head of Inclusive Design → VP of Inclusion,Lived experience of disability is genuinely valued and improves client empathy. Fully remote role.,Remote/Hybrid,Deque University (Accessibility Courses),WCAG 2.1 AA principles;Screen reader and AT testing;Colour contrast and ARIA markup;Audit report writing;Stakeholder presentation and training,,
Content Strategist,Communication,Mid,Full-time Remote,"$38,000–$65,000",No issues / N/A,No issues / N/A,No issues / N/A,Moderate,Writing;SEO;Editorial Planning;Research;Analytics,Google Analytics;Notion;Ahrefs;Semrush,Plan and produce content that drives traffic and communicates brand value.,"Create content strategies, write editorial style guides, manage content calendars, run keyword research, and report on content performance using analytics dashboards.",Senior Strategist → Head of Content → VP Marketing,Fully async and remote. Writing-focused. Flexible hours. Suitable for a wide range of physical and sensory disabilities.,Remote,Coursera (Content Strategy),Content audit and gap analysis;SEO fundamentals and keyword research;Tone of voice and style guides;Content calendar planning;Performance metrics and reporting,,
Data Analyst,Analytics,Entry,Hybrid,"$40,000–$65,000",No issues / N/A,Moderate,No issues / N/A,Mild,SQL;Python;Excel;Data Visualisation;Statistics,Tableau;Power BI;Python;SQL;Excel,Analyse business datasets and translate findings into clear recommendations.,"Clean and transform raw data, build interactive dashboards, run descriptive statistics, and present findings to non-technical stakeholders in plain language.",Senior Analyst → Analytics Manager → Data Scientist,Mostly desk-based. Visual dashboards with screen magnification support. Many tasks can be done fully remotely.,Hybrid,Google Data Analytics Certificate,Spreadsheets and pivot tables;SQL queries and joins;Data cleaning and transformation;Tableau and Power BI visualisations;Dashboard design;Presenting data stories to stakeholders,,
Customer Support (Chat),Communication,Entry,Full-time Remote,"$22,000–$38,000",No issues / N/A,No issues / N/A,No issues / N/A,Mild,Written Communication;Empathy;CRM;Typing Accuracy;Problem Solving,Zendesk;Intercom;Freshdesk;Slack,Assist customers entirely through written chat and email — no phone calls.,"Resolve customer queries via live chat and email tickets, document case notes, escalate complex issues, contribute to knowledge-base articles, and maintain high CSAT scores.",Senior Support Agent → Team Lead → Customer Success Manager,100% text-based. No voice or phone work. Ideal for hearing impairment. Flexible shift patterns widely available.,Remote,LinkedIn Learning (Customer Support Excellence),Product knowledge and platform navigation;Written tone and empathy techniques;Ticketing tool workflows (Zendesk);Issue escalation and resolution;Quality assurance and CSAT,,
QA Tester (Web),Technology,Entry,Hybrid,"$30,000–$52,000",No issues / N/A,Moderate,No issues / N/A,Moderate,Manual Testing;Test Case Writing;Bug Reporting;Regression Testing;Attention to Detail,Jira;TestRail;Chrome DevTools;Postman;Selenium,Test web applications systematically and report defects clearly.,"Write detailed test cases from acceptance criteria, execute manual and automated test runs, log bug reports with reproduction steps, and verify developer fixes before release.",Senior QA → QA Lead → QA Manager → Test Architect,"Structured, detail-oriented work with clear checklists. Screen magnification tools supported. Many tasks can be remote.",Hybrid,Test Automation University,Testing fundamentals and test planning;Writing effective test cases;Bug reporting in Jira;Regression and smoke testing;Introduction to Selenium automation,,
UX Designer,Design,Mid,Hybrid,"$48,000–$85,000",No issues / N/A,Moderate,No issues / N/A,Moderate,UX Research;Wireframing;Prototyping;Figma;Usability Testing,Figma;Miro;Maze;Lookback;Notion,Design accessible and user-centred digital products from research to delivery.,"Conduct discovery research, facilitate user interviews, produce low and high-fidelity wireframes, build interactive prototypes in Figma, and run moderated usability studies.",Senior UX Designer → UX Lead → Head of Design,Lived disability experience is a direct professional asset. Remote-friendly design tools. Flexible hybrid schedule.,Hybrid,Interaction Design Foundation,UX fundamentals and the design process;User research methods and synthesis;Wireframing and prototyping in Figma;Accessibility in UX (WCAG and inclusive patterns);Usability testing and iteration,,
Transcription Specialist,Communication,Entry,Full-time Remote,"$18,000–$35,000",No issues / N/A,No issues / N/A,Significant,Mild,Typing Accuracy;Audio Editing;Proofreading;Style Guides;Time Management,Express Scribe;oTranscribe;Microsoft Word;Google Docs,Produce accurate transcripts from audio and video recordings using assistive tools.,"Use visual waveform and adapted playback software to transcribe spoken content, proofread finished transcripts against source material, apply style guide formatting, and meet turnaround targets.",Senior Transcriptionist → Editor → Transcript QA → Captioning Specialist,Specifically designed for hearing-impaired workers. Visual waveform tools replace listening. Fully remote and self-paced.,Remote,Rev (Transcription Style Guide & Training),Typing speed and accuracy drills;Audio and waveform tool setup;Style guide application;Proofreading and quality checks;Time-stamping and speaker labelling,,
Project Coordinator,Management,Mid,Hybrid,"$35,000–$58,000",No issues / N/A,No issues / N/A,No issues / N/A,Moderate,Organisation;Scheduling;Communication;Documentation;Risk Tracking,Asana;Jira;MS Project;Slack;Confluence,"Coordinate tasks, timelines, and team communication across multiple projects.","Manage project schedules, run daily stand-ups, write weekly status reports, maintain risk registers, and keep all stakeholders informed of progress and blockers.",Senior Project Coordinator → Project Manager → Programme Manager → PMO Lead,Structured role with predictable routines. Most coordination tasks are fully remote-compatible. Good for mobility challenges.,Hybrid,Coursera (Google Project Management Certificate),Task tracking and dependency mapping;Stakeholder communication;Timeline and milestone planning;Status report writing;Risk and issue management,,
Technical Writer,Communication,Mid,Full-time Remote,"$42,000–$72,000",No issues / N/A,Moderate,No issues / N/A,Moderate,Technical Writing;API Documentation;Research;Markdown;Editing,Confluence;MadCap Flare;Git;Markdown;Postman,Write clear technical documentation that helps users understand complex products.,"Draft and maintain API reference docs, user guides, release notes, and knowledge-base articles. Collaborate with engineers to validate accuracy and ship docs alongside product releases.",Senior Technical Writer → Docs Lead → Head of Documentation,Fully remote and async-friendly. Writing tools support screen readers. Suits mobility and hearing-related needs well.,Remote,Google Technical Writing Courses,"Technical writing fundamentals;Document structure and information hierarchy;Collaborating with subject-matter experts;Tooling setup (Confluence, Git, Markdown);Review cycles and version control",,
Social Media Manager,Communication,Entry,Full-time Remote,"$26,000–$48,000",No issues / N/A,No issues / N/A,No issues / N/A,Mild,Copywriting;Content Scheduling;Analytics;Community Management;Visual Design,Hootsuite;Buffer;Canva;Meta Business Suite;Google Analytics,Grow and manage brand social channels across multiple platforms.,"Plan and schedule posts, write engaging copy, moderate community responses, run paid social campaigns, and produce monthly analytics reports showing reach and engagement growth.",Senior Social Media Manager → Head of Social → Brand Director,Entirely digital and remote. Flexible creative schedule. Low physical demands. Highly varied and stimulating work.,Remote,HubSpot Academy (Social Media Marketing),"Platform mechanics for Instagram, LinkedIn and X;Content creation and scheduling tools;Community management and moderation;Analytics reporting and growth metrics;Paid social campaign basics",,
Virtual Assistant,Management,Entry,Freelance,"$16,000–$32,000",No issues / N/A,No issues / N/A,No issues / N/A,Mild,Calendar Management;Email Handling;Research;Data Entry;Communication,Google Workspace;Zoom;Notion;Trello;Slack,Provide remote administrative support to executives and growing businesses.,"Manage complex calendars and inboxes, book travel, conduct desk research, prepare presentations and reports, and handle ad-hoc admin tasks to free up client time.",Senior VA → Executive Assistant → Operations Coordinator,Fully remote with entirely self-managed schedule. Excellent for people who need control over their working hours due to health conditions.,Remote,Udemy (Virtual Assistant Masterclass),Email and calendar management;Professional written communication;Document preparation and formatting;Online research and fact-checking;Task prioritisation and time management,,
Video Editor,Creative,Mid,Full-time Remote,"$34,000–$62,000",No issues / N/A,Moderate,Significant,Mild,Video Editing;Colour Grading;Motion Graphics;Captioning;Storytelling,Premiere Pro;DaVinci Resolve;After Effects;Audition;Frame.io,Edit and deliver compelling video content for digital platforms and brands.,"Cut and assemble raw footage according to brief, apply colour grades, create motion graphic sequences, add accessibility captions, and export final deliverables in required formats.",Lead Editor → Creative Director → Head of Video Production,Remote-first. Caption and visual-waveform workflow means this role is highly suitable for hearing-impaired editors.,Remote,Premiere Pro & DaVinci Resolve Fundamentals (YouTube),Editing fundamentals and NLE timeline basics;Colour correction and creative grading;Audio syncing and noise reduction;Motion graphics and accessibility captioning;Export formats and delivery standards,,
Online Tutor,Education,Entry,Freelance,"$20,000–$42,000",No issues / N/A,No issues / N/A,Moderate,Moderate,Subject Expertise;Teaching;Communication;Lesson Planning,Zoom;Google Meet;Whiteboard.fi;Kahoot;Notion,Teach academic subjects one-to-one or in small groups over video or chat.,"Plan and deliver personalised lessons, adapt teaching style to each learner, provide written feedback, track progress with simple assessments, and motivate students to reach their goals.",Subject Specialist → Curriculum Designer → E-Learning Developer,Flexible and self-directed schedule. Text-based tutoring available for hearing-impaired tutors. Fully remote.,Remote,Coursera (Learning and Development Fundamentals),Lesson planning and learning objectives;Adaptive and inclusive teaching strategies;Student engagement and motivation techniques;Progress tracking and assessment;Giving structured constructive feedback,,
Graphic Designer,Creative,Mid,Full-time Remote,"$33,000–$62,000",No issues / N/A,Moderate,No issues / N/A,Mild,Brand Design;Typography;Illustration;Layout;Colour Theory,Figma;Adobe Illustrator;Photoshop;InDesign;Canva,"Create brand identities, marketing materials, and digital visual assets.","Design logos, brand guidelines, social graphics, advertising creatives, and print materials. Collaborate with marketing and product teams to ensure visual consistency across all touchpoints.",Senior Designer → Art Director → Creative Director,Studio-at-home setup. Primarily visual work. Full keyboard shortcut support in all tools. Suits mobility challenges.,Remote,Domestika (Graphic Design Fundamentals),Design fundamentals and colour theory;Typography systems and layout grids;Brand identity and logo design;Adobe Illustrator and Figma workflows;Presenting and pitching creative concepts,,
HR Coordinator,Management,Entry,Hybrid,"$28,000–$48,000",Mild,No issues / N/A,No issues / N/A,Mild,HR Administration;Recruitment Support;Communication;Data Entry;Compliance,Workday;BambooHR;LinkedIn Recruiter;Excel;Outlook,"Support day-to-day HR operations including recruitment, onboarding, and records management.","Post job advertisements, screen incoming CVs, coordinate interview logistics, manage employee records, support new-hire onboarding, and assist with policy documentation updates.",Senior HR Coordinator → HR Business Partner → HR Manager,Mostly desk-based. Clear structured processes. Many tasks are fully remote-compatible. Predictable daily routine.,Hybrid,SHRM eLearning (HR Essentials),Recruitment sourcing and job posting;CV screening and interview coordination;Onboarding process management;HR systems and record keeping;Employment law fundamentals,,
Cybersecurity Analyst,Technology,Mid,Full-time Remote,"$55,000–$92,000",No issues / N/A,No issues / N/A,No issues / N/A,Moderate,Network Security;Threat Analysis;SIEM;Vulnerability Assessment;Incident Response,Splunk;Wireshark;Microsoft Sentinel;Nessus;Burp Suite,"Monitor systems, detect threats, and respond to security incidents across networks.","Analyse SIEM alerts and security logs, investigate suspicious activity, conduct vulnerability scans, produce incident reports, and recommend risk-mitigation controls.",Senior Analyst → Security Engineer → Security Architect → CISO,Fully remote. Analytical and process-driven. Screen-reader-compatible SIEM tools available. No physical demands.,Remote,CompTIA Security+ and TryHackMe,"Networking fundamentals (TCP/IP, DNS, firewalls);Threat landscape and common attack vectors;SIEM tools and log analysis;Vulnerability scanning and assessment;Incident response process and reporting",,
Data Entry Specialist,Analytics,Entry,Full-time Remote,"$16,000–$28,000",No issues / N/A,Mild,No issues / N/A,No issues / N/A,Typing Accuracy;Data Validation;Spreadsheets;Attention to Detail;Organisation,Excel;Google Sheets;Airtable;Microsoft Access,"Enter, validate, and organise data across business systems with high accuracy.","Input data from source documents into databases and spreadsheets, validate entries for errors, apply formatting rules, flag anomalies, and maintain data integrity across systems.",Data Coordinator → Junior Data Analyst → Data Manager,"Fully remote. Highly structured and predictable tasks. Minimal cognitive load. Ideal for those needing calm, routine work.",Remote,Microsoft Excel Training (LinkedIn Learning),Keyboard shortcuts and touch-typing speed;Data validation and error checking;Spreadsheet formulas and formatting;Working efficiently with large datasets;Data quality and accuracy standards,,
Frontend Developer,Technology,Entry,Full-time Remote,"$38,000–$65,000",No issues / N/A,No issues / N/A,No issues / N/A,Mild,HTML;CSS;JavaScript;React;Responsive Design,VS Code;GitHub;Figma;Chrome DevTools;npm,Build user interfaces and interactive web pages from design mockups.,"Convert Figma designs into pixel-perfect React components, implement responsive layouts, optimise page load performance, and fix cross-browser compatibility issues in collaboration with designers.",Mid Frontend Developer → Senior Frontend Developer → Frontend Architect,Fully remote. IDEs are screen-reader compatible. Keyboard-driven workflow. No physical demands whatsoever.,Remote,The Odin Project (Full Stack Path),HTML semantics and accessibility;CSS layout (Flexbox and Grid);JavaScript fundamentals;React components and hooks;Git workflow and code review,,
Backend Developer,Technology,Mid,Full-time Remote,"$52,000–$88,000",No issues / N/A,No issues / N/A,No issues / N/A,Moderate,Node.js;Python;SQL;REST APIs;System Design,VS Code;PostgreSQL;Docker;GitHub;Postman,"Design and maintain server-side logic, databases, and APIs for web applications.","Build RESTful APIs, design relational database schemas, write unit and integration tests, optimise query performance, and review pull requests from junior developers.",Senior Backend Developer → Staff Engineer → Engineering Manager,Fully remote. Deep focus work. Async collaboration via GitHub and Slack. Suits those who prefer independent structured tasks.,Remote,Coursera (Meta Back-End Developer Certificate),HTTP and web fundamentals;Node.js or Python server setup;SQL and database design;REST API design and security;Docker and deployment basics,,
Data Scientist,Analytics,Mid,Full-time Remote,"$60,000–$100,000",No issues / N/A,No issues / N/A,No issues / N/A,Moderate,Python;Machine Learning;Statistics;Data Wrangling;Model Evaluation,Jupyter;scikit-learn;pandas;TensorFlow;SQL,Build predictive models and extract strategic insights from large datasets.,"Clean and explore datasets, engineer features, train and evaluate machine learning models, communicate findings to product and leadership teams, and deploy models into production pipelines.",Senior Data Scientist → ML Engineer → Head of Data,Fully remote. Deep analytical work. Jupyter notebooks accessible via screen magnification. Suits high-focus cognitive styles.,Remote,fast.ai (Practical Deep Learning),"Python for data science (numpy, pandas);Statistical thinking and probability;Machine learning fundamentals with scikit-learn;Model evaluation and validation;Communicating results with visualisations",,
DevOps Engineer,Technology,Mid,Full-time Remote,"$58,000–$95,000",No issues / N/A,No issues / N/A,No issues / N/A,Moderate,CI/CD;Docker;Kubernetes;Linux;Infrastructure as Code,Jenkins;GitHub Actions;Terraform;AWS;Datadog,Automate software delivery pipelines and manage cloud infrastructure reliably.,"Set up and maintain CI/CD pipelines, manage containerised workloads on Kubernetes, write Terraform infrastructure as code, monitor system health, and respond to on-call incidents.",Senior DevOps → Platform Engineer → Head of Infrastructure,Entirely remote. Terminal and script-based work. High autonomy. Suits deep focus work styles.,Remote,Linux Foundation (DevOps and SRE Fundamentals),Linux command line and bash scripting;Docker and container fundamentals;CI/CD pipeline setup with GitHub Actions;Kubernetes basics;Cloud infrastructure with AWS or Azure,,
Cloud Solutions Architect,Technology,Senior,Full-time Remote,"$90,000–$140,000",No issues / N/A,No issues / N/A,No issues / N/A,Moderate,AWS;Azure;GCP;Architecture Design;Security;Cost Optimisation,AWS Console;Terraform;CloudFormation;Draw.io;Confluence,Design and oversee cloud infrastructure strategies for enterprise clients.,"Evaluate client workloads and propose cloud migration strategies, design multi-region architectures, produce architecture decision records, ensure compliance with security frameworks, and mentor junior engineers.",Principal Architect → VP of Engineering → CTO,Fully remote senior role. Deep expertise valued over physical presence. Async documentation-heavy work. Suits experienced professionals.,Remote,AWS Certified Solutions Architect (Associate → Professional),"Cloud fundamentals and shared responsibility model;AWS core services (EC2, S3, RDS, Lambda);Networking and security in the cloud;High availability and disaster recovery design;Cost management and Well-Architected Framework",,
WordPress Developer,Technology,Entry,Freelance,"$22,000–$45,000",No issues / N/A,No issues / N/A,No issues / N/A,Mild,WordPress;PHP;CSS;HTML;Plugin Customisation,VS Code;WordPress;Elementor;GitHub;WP Engine,Build and maintain WordPress websites for small businesses and agencies.,"Install and configure WordPress themes and plugins, customise layouts with CSS and PHP, optimise site speed, manage client content updates, and troubleshoot common WordPress issues.",WordPress Developer → Full Stack Developer → Web Agency Owner,Fully freelance and self-paced. Low barrier to entry. Client work done entirely online. Suits those with flexible schedules.,Remote,Udemy (Complete WordPress Developer Course),WordPress installation and setup;Theme customisation with CSS;PHP basics for WordPress;Plugin development fundamentals;Site performance and SEO optimisation,,
SEO Specialist,Communication,Entry,Full-time Remote,"$28,000–$52,000",No issues / N/A,No issues / N/A,No issues / N/A,Mild,SEO;Keyword Research;Link Building;Analytics;Content Optimisation,Ahrefs;Semrush;Google Search Console;Screaming Frog;Google Analytics,Improve organic search visibility and traffic for websites through on-page and off-page optimisation.,"Conduct keyword research, perform technical SEO audits, write optimised meta content, build backlink outreach campaigns, and report monthly on ranking and traffic improvements.",Senior SEO Specialist → SEO Manager → Head of Organic Growth,Entirely remote and screen-based. Highly structured analytical work. Flexible schedule. Low cognitive load tasks.,Remote,Ahrefs Academy (SEO Training),How search engines work;Keyword research and intent mapping;On-page optimisation techniques;Technical SEO audits;Link building and outreach strategies,,
Email Marketing Specialist,Communication,Mid,Full-time Remote,"$35,000–$60,000",No issues / N/A,No issues / N/A,No issues / N/A,Mild,Email Copywriting;A/B Testing;Segmentation;Automation;Analytics,Mailchimp;Klaviyo;HubSpot;Google Analytics;Figma,"Plan and execute email marketing campaigns that drive opens, clicks, and conversions.","Build subscriber segments, write and design email campaigns, set up automated drip sequences, run A/B tests on subject lines and content, and report on open rates and revenue attribution.",Senior Email Marketer → CRM Manager → Director of Lifecycle Marketing,Entirely remote. Structured campaign-based work. Highly flexible hours. Suits those needing asynchronous independent work.,Remote,HubSpot Academy (Email Marketing Certification),"Email marketing fundamentals and list hygiene;Copywriting for email (subject lines, CTAs);Segmentation and personalisation strategies;Marketing automation and drip sequences;Reporting and deliverability optimisation",,
Copywriter,Communication,Entry,Freelance,"$24,000–$50,000",No issues / N/A,No issues / N/A,No issues / N/A,Mild,Copywriting;Persuasive Writing;Brand Voice;Research;Editing,Google Docs;Notion;Grammarly;Hemingway Editor;Slack,"Write persuasive copy for ads, landing pages, emails, and brand campaigns.","Translate briefs into compelling copy for digital ads, landing pages, product descriptions, and email campaigns. Collaborate with designers to ensure copy and visuals align with brand guidelines.",Senior Copywriter → Copy Director → Creative Director,Completely remote and independent. Writing-only work. Suits those who need full schedule flexibility. Excellent for mobility or hearing needs.,Remote,Copyblogger (Copywriting Fundamentals),Fundamentals of persuasion and psychology in copy;Writing headlines that convert;Landing page and ad copy structures;Brand voice and tone development;Editing and proofreading for clarity,,
UI Designer,Design,Entry,Full-time Remote,"$36,000–$62,000",No issues / N/A,Moderate,No issues / N/A,Mild,UI Design;Figma;Design Systems;Typography;Visual Hierarchy,Figma;Zeplin;Storybook;Notion;Slack,Create polished visual interfaces for web and mobile products.,"Design component libraries, apply and extend design system tokens, produce high-fidelity mockups, collaborate with developers on implementation feasibility, and iterate based on usability feedback.",Senior UI Designer → Design System Lead → Head of Design,Fully remote. Figma is keyboard-accessible. Visual creative work with predictable project structures. Suits mobility needs.,Remote,Figma (Learn Design),"Design principles: hierarchy, contrast, spacing;Typography and colour systems;Figma components and auto layout;Design system creation and maintenance;Handoff to developers with Zeplin or Figma inspect",,
Motion Designer,Creative,Mid,Full-time Remote,"$42,000–$72,000",No issues / N/A,Moderate,Mild,Mild,Motion Graphics;Animation;After Effects;Storyboarding;Video Editing,After Effects;Premiere Pro;Lottie;Cinema 4D;Figma,"Create animated content for digital products, social media, and brand campaigns.","Produce motion graphics sequences, animate UI micro-interactions for mobile apps, design social media reels and stories, export Lottie animations for developer handoff, and storyboard concept animations.",Senior Motion Designer → Creative Director → Head of Animation,Remote creative studio. Keyboard-heavy workflow. Predictable project cycles. Suits those with mobility or hearing needs.,Remote,School of Motion (Motion Design Fundamentals),"Principles of animation (timing, easing, weight);After Effects interface and keyframing;Typography in motion;Compositing and visual effects basics;Lottie and web-ready animation export",,
Illustrator,Creative,Entry,Freelance,"$20,000–$48,000",No issues / N/A,Moderate,No issues / N/A,Mild,Digital Illustration;Character Design;Concept Art;Colour Theory;Composition,Adobe Illustrator;Procreate;Photoshop;Clip Studio Paint;Behance,"Create digital illustrations for books, games, brands, and editorial clients.","Develop original characters and environments based on creative briefs, produce final illustrations in multiple formats, revise artwork based on client feedback, and build a public portfolio for ongoing commissions.",Senior Illustrator → Art Director → Creative Director,Entirely home-based with drawing tablet setup. Highly flexible freelance schedule. Suits those managing chronic conditions or variable energy levels.,Remote,Proko (Fundamentals of Drawing),Drawing fundamentals: proportion and form;Digital tools setup (Procreate or Illustrator);Colour theory and palette building;Character and environment design;Building and marketing a portfolio,,
Business Intelligence Analyst,Analytics,Mid,Hybrid,"$48,000–$80,000",No issues / N/A,Moderate,No issues / N/A,Moderate,SQL;Power BI;Data Modelling;Stakeholder Communication;DAX,Power BI;SQL Server;Excel;Azure;Confluence,Transform raw business data into dashboards and reports that drive decisions.,"Design and maintain Power BI dashboards, write complex SQL queries across data warehouses, build data models using DAX, present monthly business reviews to leadership, and document reporting standards.",Senior BI Analyst → BI Manager → Head of Analytics,Mostly remote-compatible. Screen magnification tools supported in Power BI. Structured and predictable analytical work.,Hybrid,Microsoft Power BI Data Analyst (PL-300),Relational database and SQL fundamentals;Power Query data transformation;Data modelling and DAX calculations;Power BI dashboard design;Presenting insights to non-technical audiences,,
Financial Analyst,Finance,Mid,Hybrid,"$45,000–$78,000",No issues / N/A,No issues / N/A,No issues / N/A,Mild,Financial Modelling;Excel;Forecasting;Valuation;Reporting,Excel;Bloomberg;Power BI;Tableau;SAP,Build financial models and forecasts to support business planning and investment decisions.,"Develop and maintain financial models, produce monthly variance analyses, prepare board-level financial presentations, conduct competitor benchmarking, and support budget planning cycles.",Senior Financial Analyst → Finance Manager → CFO,Mostly desk-based and remote-compatible. Structured repeating work cycles. Excel keyboard shortcuts reduce mouse dependence.,Hybrid,Corporate Finance Institute (Financial Modelling),Excel fundamentals and advanced functions;Three-statement financial modelling;Discounted cash flow valuation;Scenario and sensitivity analysis;Presentation and storytelling with data,,
Bookkeeper,Finance,Entry,Part-time Remote,"$20,000–$38,000",No issues / N/A,No issues / N/A,No issues / N/A,Mild,Bookkeeping;Accounts Payable;Accounts Receivable;Reconciliation;Reporting,QuickBooks;Xero;Excel;Dext;Slack,Record and reconcile financial transactions for small and medium businesses.,"Process invoices and payments, reconcile bank statements, manage payroll inputs, prepare monthly management accounts, and liaise with accountants for year-end filing.",Senior Bookkeeper → Accounts Manager → Finance Controller,Fully remote with flexible part-time hours. Highly structured repeating tasks. Low physical demands. Suits those needing schedule control.,Remote,AAT Bookkeeping Qualification,Double-entry bookkeeping fundamentals;Accounts payable and receivable processes;Bank reconciliation techniques;Payroll basics;Preparing management accounts,,
Payroll Specialist,Finance,Entry,Hybrid,"$28,000–$48,000",No issues / N/A,No issues / N/A,No issues / N/A,Mild,Payroll Processing;Compliance;Excel;Attention to Detail;Data Entry,ADP;Sage Payroll;QuickBooks;Excel;HMRC tools,Process employee payroll accurately and on time while maintaining compliance.,"Calculate gross and net pay, process statutory deductions, handle new starters and leavers, respond to employee pay queries, and submit monthly RTI filings to HMRC.",Senior Payroll Specialist → Payroll Manager → Head of People Operations,Desk-based and partially remote. Predictable monthly cycle. Structured repetitive tasks. Suitable for a wide range of disabilities.,Hybrid,CIPP Payroll Technician Certificate,"Payroll legislation and compliance;Gross to net pay calculations;PAYE, NI, and pension processing;Payroll system operation;Year-end procedures and P60s",,
E-Learning Developer,Education,Mid,Full-time Remote,"$40,000–$70,000",No issues / N/A,Moderate,No issues / N/A,Moderate,Instructional Design;eLearning Authoring;Storyboarding;LMS Administration;SCORM,Articulate Storyline;Rise 360;Moodle;Canva;Camtasia,Design and build interactive online courses for corporate and educational clients.,"Convert subject matter expert content into engaging e-learning modules, create interactive scenarios and quizzes, record screen capture tutorials, publish SCORM packages to LMS platforms, and gather learner feedback for iteration.",Senior E-Learning Developer → Instructional Design Lead → Head of Learning,Fully remote. Authoring tools are accessible via keyboard. Creative and structured work. Suits a wide range of physical needs.,Remote,Association for Talent Development (ATD eLearning Certificate),"Instructional design models (ADDIE, SAM);Articulate Storyline interface and interactions;Storyboarding and content structuring;SCORM and LMS publishing;Accessibility in e-learning (Section 508)",,
Curriculum Designer,Education,Mid,Full-time Remote,"$42,000–$68,000",No issues / N/A,No issues / N/A,No issues / N/A,Moderate,Curriculum Design;Learning Objectives;Assessment Design;Writing;Research,Google Docs;Notion;Moodle;Canva;Zoom,Design educational programmes and course curricula for schools or online platforms.,"Conduct learning needs analyses, write course outlines and learning objectives, develop assessment rubrics, create supporting materials, and collaborate with subject experts to validate content accuracy.",Senior Curriculum Designer → Head of Curriculum → Director of Education,Entirely remote writing and design work. Highly flexible schedule. Suits those with mobility or chronic health conditions.,Remote,Coursera (Learning Design and Technology),Needs analysis and learning goals;Bloom's taxonomy and objective writing;Course structure and sequencing;Assessment design (formative and summative);Quality review and iterative improvement,,
Corporate Trainer,Education,Mid,Hybrid,"$38,000–$65,000",Mild,No issues / N/A,Mild,Moderate,Training Delivery;Facilitation;Instructional Design;Presentation;Needs Analysis,Zoom;PowerPoint;Kahoot;Articulate;Teams,Deliver skills training programmes to employees across departments and levels.,"Design and facilitate live and virtual workshops, create supporting workbooks and job aids, assess learner outcomes pre and post training, gather feedback, and report on training effectiveness to L&D managers.",Senior Trainer → L&D Manager → Head of Talent Development,Hybrid delivery includes fully virtual sessions. Seated facilitation reduces physical demands. Structured delivery with clear scripts.,Hybrid,CIPD Learning and Development Practitioner,"Adult learning theory and facilitation skills;Needs analysis and training design;Presentation and classroom management;Virtual facilitation techniques (Zoom, Teams);Evaluating training effectiveness (Kirkpatrick model)",,
Medical Transcriptionist,Healthcare,Entry,Full-time Remote,"$22,000–$38,000",No issues / N/A,No issues / N/A,No issues / N/A,Mild,Medical Terminology;Typing Accuracy;Attention to Detail;Proofreading;Confidentiality,Dictation software;Microsoft Word;EHR systems;Foot pedal;Dragon NaturallySpeaking,Transcribe physician dictations into structured medical documents and reports.,"Listen to physician audio recordings and produce accurate clinical notes, discharge summaries, and operative reports. Apply medical terminology correctly, maintain patient confidentiality, and meet turnaround targets.",Senior Medical Transcriptionist → Clinical Documentation Specialist → Health Information Manager,Home-based with self-managed schedule. Structured repeating tasks. Suitable for a wide range of physical disabilities. No patient contact required.,Remote,AHIMA (Medical Transcription and Coding),"Medical terminology by body system;Common document types (SOAP, H&P, discharge);Transcription software and foot pedal setup;Confidentiality and HIPAA compliance;Quality standards and turnaround metrics",,
Health Information Coder,Healthcare,Entry,Full-time Remote,"$26,000–$46,000",No issues / N/A,No issues / N/A,No issues / N/A,Mild,Medical Coding;ICD-10;CPT Codes;Anatomy;Attention to Detail,3M Encoder;Epic;Meditech;Excel;Optum,Assign standardised codes to medical diagnoses and procedures for billing and records.,"Review clinical documentation, assign accurate ICD-10-CM and CPT codes, query physicians for clarification, ensure compliance with coding guidelines, and meet departmental productivity and accuracy standards.",Senior Coder → Coding Auditor → Health Information Manager,Fully remote. Highly structured and rules-based work. No patient interaction. Predictable workload. Suits detail-oriented individuals.,Remote,AAPC (CPC Certification Training),Medical terminology and anatomy fundamentals;ICD-10-CM diagnosis coding;CPT procedure coding;Insurance and compliance guidelines;Coding accuracy auditing,,
Telehealth Coordinator,Healthcare,Entry,Full-time Remote,"$28,000–$44,000",No issues / N/A,No issues / N/A,No issues / N/A,Mild,Scheduling;Patient Communication;EHR Systems;Empathy,Epic;Zoom Health;Microsoft Teams;Outlook;DocuSign,Coordinate virtual patient appointments and provide administrative support for telehealth clinics.,"Schedule and confirm telehealth appointments, onboard patients to video platforms, manage provider calendars, process referrals and prior authorisations, and handle patient queries via email and chat.",Senior Telehealth Coordinator → Practice Manager → Healthcare Operations Manager,Entirely remote. Text and video-based patient contact only. No physical clinical work. Suits those with mobility or hearing needs.,Remote,MGMA (Medical Office Administration),Healthcare administration fundamentals;EHR system navigation;Patient scheduling and communication;Telehealth platform setup for patients;Medical privacy laws (HIPAA),,
Legal Research Assistant,Legal,Entry,Full-time Remote,"$26,000–$44,000",No issues / N/A,No issues / N/A,No issues / N/A,Moderate,Legal Research;Writing;Citation;Case Analysis;Summarising,Westlaw;LexisNexis;Microsoft Word;Zotero;Notion,"Research legal precedents, statutes, and case law to support attorneys and legal teams.","Conduct case law and statutory research using Westlaw and LexisNexis, summarise findings in clear legal memoranda, check citation accuracy, organise legal document bundles, and track regulatory changes in assigned practice areas.",Senior Legal Researcher → Paralegal → Solicitor (with further qualification),Fully remote research role. No court appearances. Document-heavy structured work. Accessible for a wide range of physical disabilities.,Remote,Coursera (Introduction to English Common Law),Legal system fundamentals and court hierarchy;Using Westlaw and LexisNexis effectively;Legal memorandum writing;Case citation and referencing (OSCOLA);Statutory interpretation principles,,
Compliance Analyst,Legal,Mid,Hybrid,"$40,000–$68,000",No issues / N/A,No issues / N/A,No issues / N/A,Moderate,Regulatory Compliance;Policy Writing;Risk Assessment;Audit;Communication,Microsoft 365;GRC tools;Excel;SharePoint;Confluence,Ensure the organisation meets regulatory obligations and internal compliance standards.,"Review policies and procedures against regulatory requirements, conduct internal audits, maintain compliance registers, investigate potential breaches, and produce compliance training materials for staff.",Senior Compliance Analyst → Compliance Manager → Chief Compliance Officer,Primarily desk and document-based. Largely remote-compatible. Structured and process-driven. Suits those with physical disabilities.,Hybrid,ICA Certificate in Compliance,Regulatory landscape and compliance obligations;Risk-based approach to compliance;Policy writing and implementation;Internal audit methodology;Reporting and escalation procedures,,
Paralegal,Legal,Entry,Hybrid,"$26,000–$46,000",Mild,No issues / N/A,No issues / N/A,Moderate,Legal Drafting;Case Management;Research;Document Review;Organisation,Clio;NetDocuments;Microsoft Word;Westlaw;Outlook,"Support solicitors and barristers with research, drafting, and case administration.","Draft legal documents and correspondence, manage case files and court deadlines, conduct legal research, prepare bundles for hearings, and liaise with clients and courts on administrative matters.",Senior Paralegal → Solicitor (with qualification) → Legal Manager,Seated desk-based role. Many tasks remote-compatible. Structured and document-focused. Suits mobility or hearing-related needs.,Hybrid,CILEX Paralegal Certificate,Legal system and court procedures;Legal document drafting;Case management and file organisation;Client communication in a legal context;Research skills and citation,,
Market Research Analyst,Analytics,Mid,Full-time Remote,"$38,000–$62,000",No issues / N/A,No issues / N/A,No issues / N/A,Moderate,Survey Design;Data Analysis;Report Writing;Excel;Statistical Thinking,SurveyMonkey;SPSS;Excel;Qualtrics;Tableau,Design and conduct research studies to help organisations understand markets and customers.,"Design quantitative and qualitative research instruments, manage survey panels, clean and analyse response data, write insight reports with actionable recommendations, and present findings to stakeholders.",Senior Analyst → Research Manager → Head of Insights,Fully remote. Analytical and writing-focused. Independent structured work. Suits a wide range of physical needs.,Remote,Coursera (Market Research and Consumer Behaviour),Research design and methodology;Survey construction and questionnaire writing;Quantitative analysis with Excel and SPSS;Qualitative research and thematic analysis;Insight report writing,,
Operations Analyst,Management,Entry,Hybrid,"$30,000–$52,000",No issues / N/A,No issues / N/A,No issues / N/A,Mild,Process Mapping;Data Analysis;Excel;Problem Solving;Documentation,Excel;Lucidchart;Jira;Confluence;Power BI,Analyse and improve business processes across operations and logistics.,"Map existing workflows, identify inefficiencies and bottlenecks, collect and analyse operational data, propose process improvements, and document updated standard operating procedures.",Senior Operations Analyst → Operations Manager → COO,Desk-based and partially remote. Structured data and documentation work. Clear project scope. Suitable for a range of physical disabilities.,Hybrid,Coursera (Operations Management),Business process mapping techniques;Data collection and analysis;Excel for operations reporting;Lean and Six Sigma basics;Writing standard operating procedures,,
Community Manager,Management,Entry,Full-time Remote,"$24,000–$44,000",No issues / N/A,No issues / N/A,No issues / N/A,Moderate,Community Building;Written Communication;Moderation;Event Hosting;Analytics,Discord;Slack;Notion;Circle;Hootsuite,Grow and manage an engaged online community around a brand or product.,"Welcome and onboard new members, moderate discussions, plan and run virtual events and AMAs, surface community insights back to the product team, and produce monthly community health reports.",Senior Community Manager → Head of Community → VP of Growth,Fully remote and async-friendly. Text-based community work. Suits hearing needs and mobility challenges. Flexible hours.,Remote,CMX (Community Management Fundamentals),Community strategy and platform selection;Onboarding and welcome sequences;Content programming for communities;Moderation and conflict resolution;Measuring community health and engagement,,
Product Analyst,Analytics,Mid,Hybrid,"$45,000–$75,000",No issues / N/A,No issues / N/A,No issues / N/A,Moderate,Product Analytics;SQL;A/B Testing;User Behaviour Analysis;Data Storytelling,Mixpanel;Amplitude;SQL;Looker;Figma,Analyse product usage data to guide feature development and improve user experience.,"Instrument analytics events, write SQL queries against product databases, design and analyse A/B experiments, produce weekly product metric reviews, and collaborate with PMs and designers on data-driven decisions.",Senior Product Analyst → Head of Analytics → VP of Product,Mostly remote. Deep analytical focus work. Suits high-focus styles. SQL and dashboarding are screen-reader-compatible.,Hybrid,Reforge (Product Analytics),"Product metrics framework (acquisition, retention, revenue);Event tracking and instrumentation;SQL for product analytics;Experimentation and A/B testing;Communicating product insights",,
Machine Learning Engineer,Technology,Mid,Full-time Remote,"$70,000–$115,000",No issues / N/A,No issues / N/A,No issues / N/A,Moderate,Python;Machine Learning;MLOps;Feature Engineering;Model Deployment,Python;PyTorch;MLflow;Docker;AWS SageMaker,Build and deploy machine learning models into production systems.,"Train and fine-tune ML models, build data pipelines, manage model versioning with MLflow, containerise and deploy models via SageMaker, monitor model drift in production, and collaborate with data scientists on research-to-production handoff.",Senior ML Engineer → Staff ML Engineer → Head of AI,Fully remote. Deep focus technical role. Keyboard and terminal-driven workflow. No physical demands.,Remote,fast.ai and Coursera (MLOps Specialisation),"Python for ML (numpy, pandas, scikit-learn);Neural networks and deep learning fundamentals;Feature engineering and model pipelines;Model deployment with Docker and cloud;MLOps monitoring and retraining",,
IT Support Specialist,Technology,Entry,Hybrid,"$26,000–$44,000",Mild,No issues / N/A,No issues / N/A,Mild,Troubleshooting;Networking;Hardware;Customer Service;Documentation,Jira Service Desk;TeamViewer;Active Directory;Slack;Microsoft 365,"Resolve hardware, software, and network issues for end users in a helpdesk role.","Triage and resolve tier-1 IT support tickets, perform remote troubleshooting via TeamViewer, reset accounts in Active Directory, document solutions in the knowledge base, and escalate complex issues to the infrastructure team.",Senior IT Support → Systems Administrator → IT Manager,Many remote desktop support tasks can be performed from home. Seated desk-based role. Clear ticketing workflow. Suits mobility needs.,Hybrid,CompTIA A+ Certification,"Computer hardware and peripherals;Operating systems (Windows and macOS);Networking basics (TCP/IP, Wi-Fi);Troubleshooting methodology;IT security fundamentals",,
Database Administrator,Technology,Mid,Full-time Remote,"$55,000–$90,000",No issues / N/A,No issues / N/A,No issues / N/A,Moderate,SQL;Database Design;Performance Tuning;Backup and Recovery;Security,PostgreSQL;MySQL;Oracle;SQL Server;AWS RDS,"Manage, optimise, and secure relational databases for applications and data teams.","Design and maintain database schemas, write and optimise complex queries, implement backup and disaster recovery procedures, manage user permissions, and monitor database performance metrics.",Senior DBA → Database Architect → Head of Data Infrastructure,Fully remote. Terminal and GUI-based administration. Deep structured technical work. Suits those preferring independent focused tasks.,Remote,Oracle Database Administration (Oracle University),"Relational database design and normalisation;SQL querying and stored procedures;Database performance tuning;Backup, recovery, and high availability;Database security and access control",,
Podcast Producer,Creative,Entry,Freelance,"$18,000–$38,000",No issues / N/A,No issues / N/A,No issues / N/A,Mild,Audio Editing;Show Notes Writing;Scheduling;RSS Publishing;Content Planning,Audacity;Adobe Audition;Riverside.fm;Descript;Buzzsprout,"Produce, edit, and publish podcast episodes for creators and brands.","Edit raw recordings to broadcast quality, write show notes and episode descriptions, manage episode publishing schedules on hosting platforms, coordinate guest bookings, and grow listener engagement through social promotion.",Senior Producer → Head of Audio → Podcast Network Director,Entirely remote. Largely async. Audio editing software accessible via keyboard shortcuts. Suits hearing-impaired with visual waveform tools.,Remote,Descript Podcast Editing Course,Audio recording fundamentals;Editing for pacing and clarity;Writing compelling show notes;RSS feeds and podcast hosting platforms;Growing and monetising a podcast,,
Newsletter Writer,Communication,Entry,Freelance,"$16,000–$35,000",No issues / N/A,No issues / N/A,No issues / N/A,Mild,Writing;Research;Curation;Editing;Audience Growth,Substack;Beehiiv;Mailchimp;Notion;Grammarly,"Write and publish regular newsletters for creators, brands, or your own audience.","Research and curate industry news, write engaging original commentary, design email layouts, grow subscriber lists through social and referral strategies, and analyse open rates to optimise content.",Senior Writer → Content Director → Media Brand Founder,100% remote and fully self-managed. Flexible asynchronous work. Entirely writing-focused. Excellent for any physical disability.,Remote,Substack (Newsletter Fundamentals),Finding your niche and audience;Newsletter structure and voice;Research and curation workflow;Email design and formatting;Growing subscribers organically,,
Grant Writer,Communication,Mid,Full-time Remote,"$34,000–$58,000",No issues / N/A,No issues / N/A,No issues / N/A,Moderate,Grant Writing;Research;Proposal Writing;Budgeting;Stakeholder Communication,Microsoft Word;Excel;GrantStation;Salesforce;Notion,Write compelling funding proposals to secure grants for nonprofits and research organisations.,"Research grant opportunities, write narrative sections of funding proposals, collaborate with programme staff on budget development, track submission deadlines, and report on funded project outcomes.",Senior Grant Writer → Development Director → Head of Fundraising,Fully remote. Independent long-form writing work. Flexible deadlines. No travel required. Suits a range of physical needs.,Remote,Grant Professionals Association (GPA Basics),Grants landscape and funder research;Proposal structure and narrative writing;Logic models and programme design;Budget preparation for grant applications;Post-award reporting and compliance,,
Resume Writer,Communication,Entry,Freelance,"$18,000–$42,000",No issues / N/A,No issues / N/A,No issues / N/A,Mild,Resume Writing;Career Coaching;Editing;LinkedIn Optimisation;Client Communication,Microsoft Word;Canva;LinkedIn;Grammarly;Calendly,Write professional resumes and LinkedIn profiles that help clients land interviews.,"Conduct intake consultations with clients, extract career achievements and key experience, write tailored resumes and cover letters, optimise LinkedIn profiles for keyword visibility, and provide revision rounds until client satisfaction.",Senior Resume Writer → Career Coach → Agency Owner,Fully freelance and remote. Async client communication. Entirely writing-focused. Flexible around health needs and energy levels.,Remote,Nationally Certified Resume Writer (NCRW) Prep,Professional resume formats and design principles;Extracting and reframing career achievements;ATS optimisation and keyword strategy;LinkedIn profile best practices;Client consultation and revision management,,
Customer Success Manager,Management,Mid,Full-time Remote,"$48,000–$80,000",No issues / N/A,No issues / N/A,No issues / N/A,Moderate,Account Management;Onboarding;Retention;Product Knowledge;Communication,Salesforce;HubSpot;Intercom;Notion;Zoom,Drive product adoption and retention for a portfolio of software customers.,"Onboard new customers to the product, run regular success reviews, identify expansion and upsell opportunities, manage churn risk, and advocate internally for customer-requested product improvements.",Senior CSM → Head of Customer Success → VP of Revenue,"Fully remote. Communication primarily via email, chat, and video. Suits hearing needs if video captions enabled. Flexible schedule.",Remote,Gainsight (Customer Success Fundamentals),Understanding customer lifecycle and health scoring;Onboarding programme design;Business review preparation and delivery;Identifying expansion and renewal signals;Managing at-risk accounts,,
Account Manager,Management,Mid,Hybrid,"$40,000–$70,000",Mild,No issues / N/A,No issues / N/A,Moderate,Client Relationships;Upselling;Communication;CRM;Presentation,Salesforce;HubSpot;Zoom;PowerPoint;Slack,Manage and grow a portfolio of client accounts for an agency or software company.,"Serve as the main point of contact for assigned clients, conduct regular check-ins, identify opportunities to expand services, resolve escalations, and ensure client satisfaction and renewal.",Senior Account Manager → Key Account Director → VP of Sales,Hybrid with many remote client calls. Seated meetings and presentations. Clear relationship-based structure. Suits many physical needs.,Hybrid,Coursera (Sales and CRM Overview),"Understanding client needs and account planning;CRM best practices (Salesforce, HubSpot);Upselling and cross-selling techniques;Handling objections and escalations;Quarterly business review preparation",,
Sales Development Representative,Management,Entry,Full-time Remote,"$28,000–$48,000",No issues / N/A,No issues / N/A,No issues / N/A,Moderate,Prospecting;Cold Outreach;CRM;Written Communication,Salesforce;LinkedIn Sales Navigator;Outreach.io;ZoomInfo;Slack,Generate qualified sales leads through outbound prospecting and research.,"Research target companies and contacts, write personalised cold email sequences, conduct outbound LinkedIn prospecting, qualify inbound leads via email, log all activity in Salesforce, and book discovery calls for account executives.",Senior SDR → Account Executive → Sales Manager,Fully remote. Primarily written outreach. No cold calling required in many teams. Structured daily targets. Suits hearing needs.,Remote,Salesforce Trailhead (SDR Fundamentals),Prospecting and ideal customer profile (ICP) research;Writing effective cold email sequences;LinkedIn Sales Navigator techniques;CRM hygiene and pipeline management;Objection handling over email,,
3D Modeller,Creative,Mid,Full-time Remote,"$38,000–$68,000",No issues / N/A,Moderate,No issues / N/A,Mild,3D Modelling;Texturing;Rigging;Rendering;UV Mapping,Blender;Maya;Substance Painter;Marmoset Toolbag;Unity,"Create 3D assets for games, films, product visualisation, and virtual environments.","Model and texture characters, props, and environments using Blender or Maya, rig characters for animation, bake normal maps and optimise assets for real-time engines, and deliver final assets to art directors.",Senior 3D Artist → Lead Artist → Art Director,Fully remote. Tablet and keyboard-driven workflow. High creative autonomy. Home studio setup. Suits mobility and hearing needs.,Remote,Blender Guru (Blender Fundamentals),Blender interface and 3D navigation;Polygonal modelling techniques;UV unwrapping and texturing;PBR materials and rendering;Exporting assets for game engines,,
Web Scraping Developer,Technology,Entry,Freelance,"$24,000–$48,000",No issues / N/A,No issues / N/A,No issues / N/A,Mild,Python;BeautifulSoup;Selenium;Data Parsing;Regular Expressions,Python;BeautifulSoup;Scrapy;Selenium;Jupyter,Extract structured data from websites for business intelligence and research.,"Write Python scripts to crawl and scrape target websites, handle pagination and dynamic JavaScript content, parse and clean extracted data, store results in CSV or databases, and schedule automated scraping jobs.",Senior Developer → Data Engineer → Freelance Consultant,Entirely remote and self-directed. Python scripting from home. Structured problem-solving tasks. Low physical demands.,Remote,Real Python (Web Scraping with Python),"Python fundamentals (loops, functions, file I/O);HTTP requests and HTML parsing with BeautifulSoup;Handling dynamic pages with Selenium;Data cleaning and storage (CSV, SQLite);Scheduling and deploying scrapers",,
Animator (2D),Creative,Mid,Full-time Remote,"$36,000–$65,000",No issues / N/A,Moderate,No issues / N/A,Mild,2D Animation;Animation;Rigging;Storyboarding;Timing,Adobe Animate;Toon Boom Harmony;After Effects;Photoshop;Clip Studio Paint,"Produce 2D animated sequences for games, explainer videos, and broadcast.","Create character rigs and animate scenes based on storyboards, follow animation briefs for timing and style, produce frame-by-frame and tweened animation, export deliverables for compositing, and incorporate director feedback.",Senior Animator → Lead Animator → Animation Director,Home studio setup. Drawing tablet workflow. Fully remote for most studios. Suits mobility and hearing-impaired animators.,Remote,Animation Mentor (Character Animation Fundamentals),12 principles of animation;Character rigging in Toon Boom Harmony;Scene staging and composition;Lip sync and secondary motion;Exporting and delivering animation assets,,
Insurance Underwriter,Finance,Mid,Hybrid,"$40,000–$68,000",No issues / N/A,No issues / N/A,No issues / N/A,Moderate,Risk Assessment;Data Analysis;Communication;Policy Writing;Negotiation,Guidewire;Excel;Salesforce;Outlook;Duck Creek,Assess risk and determine policy terms for insurance applications.,"Review insurance applications and supporting documentation, analyse risk factors across property or liability lines, price policies within authority limits, negotiate terms with brokers, and maintain a profitable portfolio.",Senior Underwriter → Underwriting Manager → Chief Underwriting Officer,Desk-based and partially remote. Structured analytical decision-making. No field work. Suits mobility and hearing needs.,Hybrid,Chartered Insurance Institute (CII IF1 or CII Award),Principles of insurance and risk;Underwriting decision-making frameworks;Policy wording and coverage analysis;Broker and client communication;Regulatory compliance in insurance,,
Environmental Data Analyst,Analytics,Mid,Full-time Remote,"$42,000–$70,000",No issues / N/A,No issues / N/A,No issues / N/A,Moderate,Environmental Science;Data Analysis;GIS;Reporting;Python,ArcGIS;Python;Excel;R;Tableau,Analyse environmental datasets to support sustainability reporting and compliance.,"Process satellite imagery and sensor data, run spatial analyses in ArcGIS, produce environmental impact reports, support ESG disclosure frameworks, and visualise findings for regulatory submissions.",Senior Analyst → Environmental Manager → Head of Sustainability,Fully remote. Desk-based analysis and report writing. Screen magnification supported in GIS tools. Suits mobility needs.,Remote,Esri (ArcGIS and Spatial Analysis),"Environmental science fundamentals;GIS concepts and ArcGIS basics;Remote sensing and satellite data;Environmental reporting frameworks (GRI, TCFD);Data visualisation for sustainability",,
Storyboard Artist,Creative,Mid,Freelance,"$30,000–$60,000",No issues / N/A,Moderate,No issues / N/A,Mild,Storyboarding;Character Design;Visual Storytelling;Composition;Client Communication,Storyboard Pro;Photoshop;Clip Studio Paint;PDF tools;Slack,"Create storyboard panels for film, TV, animation, and advertising productions.","Interpret scripts and director notes into sequential panel drawings, produce animatics for client review, revise storyboards based on feedback, and deliver production-ready frames in required formats and timelines.",Senior Storyboard Artist → Visual Development Artist → Art Director,Home studio. Drawing tablet workflow. Async client communication. Fully freelance schedule flexibility. Suits many physical needs.,Remote,CGMA (Storyboarding for Animation),Visual storytelling fundamentals;Scene composition and camera angles;Character expression and action poses;Storyboard Pro workflow;Delivering animatics and revisions,,
UX Researcher,Design,Mid,Full-time Remote,"$50,000–$85,000",No issues / N/A,No issues / N/A,No issues / N/A,Moderate,UX Research;Usability Testing;Interview Facilitation;Survey Design;Synthesis,Lookback;UserTesting;Miro;Dovetail;Figma,Plan and conduct user research to inform product and design decisions.,"Recruit participants, facilitate moderated usability tests and interviews, conduct unmoderated studies, synthesise findings into actionable insights, present research reports to product and design teams, and maintain a research repository.",Senior UX Researcher → Research Lead → Head of Insights,Fully remote. Research sessions conducted over video. Async synthesis work. Lived disability experience is a genuine asset for inclusive research.,Remote,Nielsen Norman Group (UX Research Methods),Research planning and study design;Moderated and unmoderated usability testing;Interview facilitation techniques;Qualitative synthesis and affinity mapping;Writing and presenting research reports,,
Scrum Master,Technology,Mid,Full-time Remote,"$52,000–$88,000",No issues / N/A,No issues / N/A,No issues / N/A,Moderate,Agile;Scrum;Facilitation;Coaching;Conflict Resolution,Jira;Confluence;Miro;Slack;Zoom,Facilitate Scrum ceremonies and remove impediments for agile software teams.,"Run daily stand-ups, sprint planning, reviews, and retrospectives, track team velocity and sprint metrics, coach the team on agile practices, identify and escalate blockers, and foster a culture of continuous improvement.",Senior Scrum Master → Agile Coach → Head of Delivery,Fully remote. Facilitation via video and async tools. Structured team support role. Suits those with mobility or physical needs.,Remote,Scrum.org (Professional Scrum Master I — PSM I),"Scrum framework: roles, events, and artefacts;Sprint planning and backlog refinement;Retrospective facilitation techniques;Metrics and velocity tracking;Servant leadership and coaching",,
Product Manager,Technology,Mid,Hybrid,"$60,000–$100,000",No issues / N/A,No issues / N/A,No issues / N/A,Moderate,Product Strategy;Roadmapping;Stakeholder Management;User Stories;Data Analysis,Jira;Notion;Figma;Mixpanel;Confluence,Define and drive the direction of a software product from discovery to delivery.,"Write and prioritise user stories, maintain a product roadmap, conduct discovery interviews, collaborate with engineering and design, define success metrics, and communicate product decisions to stakeholders.",Senior PM → Director of Product → Chief Product Officer,Hybrid with many remote collaboration sessions. Seated meetings and workshops. Structured strategy and communication work.,Hybrid,Product School (Product Management Certification),Product discovery and problem framing;Writing effective user stories and acceptance criteria;Roadmap prioritisation frameworks;Working with design and engineering;Product metrics and OKR setting,,
Tax Preparer,Finance,Entry,Part-time Remote,"$20,000–$40,000",No issues / N/A,No issues / N/A,No issues / N/A,Mild,Tax Preparation;Tax Law;Excel;Client Communication;Attention to Detail,TurboTax;H&R Block Software;Drake Tax;Excel;DocuSign,Prepare and file personal and small business tax returns accurately.,"Gather and review client financial documents, prepare federal and state tax returns, identify applicable deductions and credits, respond to client queries, and file returns within IRS deadlines.",Senior Tax Preparer → Tax Advisor → Enrolled Agent,Seasonal and part-time remote work. Highly structured and rules-based. No physical demands. Suits those needing flexible annual schedules.,Remote,IRS VITA Volunteer Training or H&R Block Income Tax Course,"Individual income tax fundamentals;W-2, 1099, and Schedule forms;Deductions, credits, and adjustments;Tax software operation;Filing procedures and client communication",,
Voice Actor,Creative,Entry,Freelance,"$18,000–$50,000",No issues / N/A,No issues / N/A,No issues / N/A,Mild,Voice Performance;Script Reading;Microphone Technique;Audio Editing,Audacity;Adobe Audition;Source-Connect;iZotope RX;Rode microphone,"Perform voice recordings for commercials, audiobooks, e-learning, and animation.","Record voice-over scripts from a home studio, deliver multiple takes and tones as directed, edit and clean up audio to broadcast standard, submit files to clients, and audition for new roles via online casting platforms.",Experienced VO Artist → Audiobook Narrator → Casting Agency Talent,Home studio. Self-directed flexible schedule. No physical travel. Requires clear speech but no mobility requirements whatsoever.,Remote,Edge Studio (Voice Acting Fundamentals),Voice technique: breath control and diction;Home studio setup and acoustic treatment;Microphone and recording software basics;Script analysis and cold reading;Submitting auditions and marketing your voice,,
Network Engineer,Technology,Mid,Hybrid,"$52,000–$88,000",No issues / N/A,No issues / N/A,No issues / N/A,Moderate,Networking;Cisco;Firewalls;VPN;Troubleshooting,Cisco IOS;Wireshark;Palo Alto;SolarWinds;GNS3,"Design, implement, and maintain enterprise network infrastructure.","Configure and manage routers, switches, and firewalls, implement VPN solutions for remote access, troubleshoot network performance issues, produce network diagrams, and maintain security patch compliance.",Senior Network Engineer → Network Architect → Head of Infrastructure,Largely desk-based. Remote network management tools widely used. Many tasks performable from home. Suits mobility needs.,Hybrid,Cisco CCNA Certification,"Networking fundamentals (OSI model, TCP/IP);Routing and switching with Cisco IOS;VLANs and network segmentation;Firewall and VPN configuration;Network monitoring and troubleshooting",,
Digital Marketing Manager,Communication,Mid,Full-time Remote,"$45,000–$78,000",No issues / N/A,No issues / N/A,No issues / N/A,Moderate,Digital Marketing;Paid Ads;SEO;Analytics;Strategy,Google Ads;Meta Ads;HubSpot;GA4;Semrush,Plan and execute multi-channel digital marketing campaigns to drive growth.,"Manage paid search and social campaigns, oversee SEO strategy, coordinate content and email marketing, analyse performance across channels, report to leadership, and manage a small team of marketing specialists.",Head of Digital → VP Marketing → CMO,Fully remote. Strategy and campaign management work. Async team coordination. Suits those with physical or sensory needs.,Remote,Google Digital Marketing Certificate,Digital marketing channel overview;Google Ads and paid search fundamentals;Meta Ads and social media advertising;SEO and content strategy;Analytics reporting with GA4,,
Proofreader,Communication,Entry,Freelance,"$16,000–$34,000",No issues / N/A,No issues / N/A,No issues / N/A,Mild,Proofreading;Grammar;Attention to Detail;Style Guides;Editing,Microsoft Word;Google Docs;Grammarly;PerfectIt;Chicago Manual of Style,"Review written content for errors in grammar, spelling, punctuation, and style.","Check manuscripts, articles, reports, and marketing materials for typographical and grammatical errors, apply house style guide rules consistently, track changes in documents, and return corrected files within agreed turnaround times.",Senior Proofreader → Copy Editor → Editorial Manager,Entirely remote. Flexible freelance schedule. Solo focused work. No physical demands. Excellent for a wide range of disabilities.,Remote,Proofreading Academy (Proofreading Certificate),"Core grammar and punctuation rules;Using style guides (Chicago, AP, house);Track changes in Word and Google Docs;Common error patterns and how to spot them;Managing client relationships and turnarounds",,
E-commerce Manager,Management,Mid,Full-time Remote,"$42,000–$72,000",No issues / N/A,No issues / N/A,No issues / N/A,Moderate,E-commerce Strategy;Shopify;Product Listing;Analytics;Customer Experience,Shopify;WooCommerce;Google Analytics;Klaviyo;Canva,"Manage and grow an online retail store's operations, marketing, and performance.","Oversee product catalogue and inventory, write and optimise product listings, run paid and email marketing campaigns, monitor conversion rates, improve checkout UX, and produce weekly performance reports.",Senior E-commerce Manager → Head of Digital Commerce → Director of Retail,Fully remote. Platform-based operations. Flexible and autonomous work structure. Suits those with physical or mobility needs.,Remote,Shopify Academy (E-commerce Fundamentals),E-commerce fundamentals and customer lifecycle;Shopify store setup and management;Product listing optimisation;Email marketing with Klaviyo;Analytics and conversion rate optimisation,,
Subtitle and Captioning Editor,Communication,Entry,Full-time Remote,"$20,000–$36,000",No issues / N/A,No issues / N/A,Significant,Mild,Captioning;Subtitle Editing;Typing Accuracy;Timing;Quality Control,Aegisub;EZTitles;Verbit;Rev;Microsoft Word,Create and edit accurate subtitles and captions for video content across media platforms.,"Review auto-generated captions for accuracy, manually caption video content using specialist software, apply broadcast timing standards, check for synchronisation, and deliver to quality and turnaround specifications.",Senior Caption Editor → QA Lead → Subtitling Manager,Specifically designed for deaf and hard-of-hearing workers. Visual-based workflow replaces audio listening. Entirely remote and self-paced.,Remote,Rev Captioning Certification,Captioning standards and guidelines;Subtitle timing and synchronisation;Working with captioning software;Quality control processes;Broadcast and streaming delivery formats,,
Knowledge Base Writer,Communication,Entry,Full-time Remote,"$26,000–$45,000",No issues / N/A,No issues / N/A,No issues / N/A,Mild,Technical Writing;Content Organisation;Help Documentation;Research;Editing,Zendesk Guide;Confluence;Notion;Grammarly;Loom,Write and maintain self-service help articles and knowledge bases for software products.,"Interview subject matter experts, document product features and processes in plain language, organise content into logical help categories, update articles when features change, and track article performance through search analytics.",Senior Knowledge Base Writer → Technical Writer → Head of Documentation,Fully remote. Independent writing and research work. Async collaboration. Suits physical and sensory disabilities.,Remote,Google Technical Writing One (free online),User-centred writing principles;Clear sentence structure and plain language;Help article structure templates;Information architecture for knowledge bases;Maintaining and updating living documentation,,
Chatbot Designer,Technology,Mid,Full-time Remote,"$42,000–$70,000",No issues / N/A,No issues / N/A,No issues / N/A,Moderate,Conversational Design;NLP;Dialogue Flows;UX Writing;Bot Testing,Dialogflow;Voiceflow;Botpress;Rasa;Notion,Design and build conversational AI experiences for customer service and internal tools.,"Map user intents and create dialogue flows, write natural conversational copy for bot responses, configure NLP training data, test conversation paths for edge cases, and iterate based on user feedback and analytics.",Senior Conversational Designer → Head of Conversational AI → Product Lead,Fully remote. Design and writing-focused with technical elements. Async workflow. No physical demands.,Remote,Voiceflow Academy (Conversational Design),Principles of conversational design;Intent mapping and entity recognition;Dialogue flow building in Voiceflow or Dialogflow;Writing natural and accessible bot copy;Testing and improving conversation quality,,
Cloud Support Engineer,Technology,Entry,Full-time Remote,"$38,000–$62,000",No issues / N/A,No issues / N/A,No issues / N/A,Mild,Cloud Computing;AWS;Troubleshooting;Customer Support;Documentation,AWS Console;Jira;Confluence;Slack;Zoom,Provide technical support to cloud platform customers resolving AWS infrastructure issues.,"Respond to customer support tickets related to AWS services, diagnose configuration and networking issues, write knowledge base articles for common problems, escalate complex cases to engineers, and contribute to service reliability improvements.",Senior Cloud Support → Solutions Architect → Cloud Engineer,Fully remote. Ticket and documentation-based work. Structured technical role. Suits hearing and mobility needs.,Remote,AWS Cloud Practitioner Certification,"Cloud computing fundamentals and AWS global infrastructure;Core AWS services (EC2, S3, VPC, IAM);Diagnosing common AWS service issues;Support ticket writing and escalation;Customer communication for technical issues",,
